11,19,원피스,미니,검정,2018-09-15 9:00,2018-09-15 9:00
12,20,상의,무지티셔츠,흰색,2018-09-15 9:00,2018-09-15 9:00
12,21,하의,슬랙스,검정,2018-09-15 9:00,2018-09-15 9:00
13,22,셔츠/블라우스,베이직,흰색,2018-10-15 9:00,2018-10-15 9:00
13,23,하의,면바지,검정,2018-10-15 9:00,2018-10-15 9:00
14,24,상의,반팔,자주,2018-10-15 9:00,2018-10-15 9:00
14,25,하의,반바지,흰색,2018-10-15 9:00,2018-10-15 9:00
15,26,셔츠/블라우스,데님,파랑,2018-09-30 9:00,2018-09-30 9:00
15,27,하의,슬랙스,검정,2018-09-30 9:00,2018-09-30 9:00
16,28,상의,프린팅티셔츠,연두,2018-10-31 9:00,2018-10-31 9:00
16,29,하의,레깅스,흰색,2018-10-31 9:00,2018-10-31 9:00
17,30,원피스,미니,군청,2018-10-15 9:00,2018-10-15 9:00
18,31,원피스,롱,흰색,2018-10-11 9:00,2018-10-11 9:00
18,32,아우터,가디건,파랑,2018-10-11 9:00,2018-10-11 9:00
19,33,점프수트,점프수트,파랑,2018-10-11 9:00,2018-10-11 9:00
20,34,상의,7부,연두,2018-10-11 9:00,2018-10-11 9:00
20,35,하의,청바지,파랑,2018-10-11 9:00,2018-10-11 9:00
21,36,원피스,롱,노랑,2018-10-11 9:00,2018-10-11 9:00
22,37,아우터,가디건,빨강,2018-10-11 9:00,2018-10-11 9:00
22,38,상의,무지티셔츠,흰색,2018-10-11 9:00,2018-10-11 9:00
22,39,하의,청바지,파랑,2018-10-11 9:00,2018-10-11 9:00
23,40,셔츠/블라우스,베이직,흰색,2018-10-11 9:00,2018-10-11 9:00
23,41,하의,슬랙스,검정,2018-10-11 9:00,2018-10-11 9:00
24,42,아우터,자켓,검정,2018-10-11 9:00,2018-10-11 9:00
24,43,상의,프린팅티셔츠,회색,2018-10-11 9:00,2018-10-11 9:00
24,44,하의,스키니진,검정,2018-10-11 9:00,2018-10-11 9:00
25,45,아우터,블레이저,검정,2018-10-11 9:00,2018-10-11 9:00
25,46,상의,후드,파랑,2018-10-11 9:00,2018-10-11 9:00
25,47,하의,면바지,연두,2018-10-11 9:00,2018-10-11 9:00
26,48,상의,반팔,흰색,2018-10-11 9:00,2018-10-11 9:00
26,49,하의,슬랙스,검정,2018-10-11 9:00,2018-10-11 9:00
27,50,상의,후드,빨강,2018-10-11 9:00,2018-10-11 9:00
27,51,하의,스키니진,파랑,2018-10-11 9:00,2018-10-11 9:00
28,52,셔츠/블라우스,베이직,녹색,2018-10-11 9:00,2018-10-11 9:00
28,53,하의,롱치마,흰색,2018-10-11 9:00,2018-10-11 9:00
29,54,아우터,자켓,검정,2018-10-11 9:00,2018-10-11 9:00
29,55,셔츠/블라우스,베이직,흰색,2018-10-11 9:00,2018-10-11 9:00
29,56,하의,롱치마,검정,2018-10-11 9:00,2018-10-11 9:00
30,57,원피스,미니,연두,2018-10-11 9:00,2018-10-11 9:00
31,58,아우터,가디건,보라,2018-10-11 9:00,2018-10-11 9:00
31,59,원피스,미니,주황,2018-10-11 9:00,2018-10-11 9:00
32,60,셔츠/블라우스,베이직,검정,2018-10-11 9:00,2018-10-11 9:00
32,61,하의,슬랙스,검정,2018-10-11 9:00,2018-10-11 9:00
33,62,셔츠/블라우스,체크/패텅,주황,2018-10-11 9:00,2018-10-11 9:00
33,63,하의,일자,검정,2018-10-11 9:00,2018-10-11 9:00
34,64,상의,니트,보라,2018-10-11 9:00,2018-10-11 9:00
34,65,하의,레깅스,회색,2018-10-11 9:00,2018-10-11 9:00
35,66,상의,맨투맨,노랑,2018-10-11 9:00,2018-10-11 9:00
35,67,하의,면바지,녹색,2018-10-11 9:00,2018-10-11 9:00
36,68,아우터,자켓,검정,2018-10-11 9:00,2018-10-11 9:00
36,69,셔츠/블라우스,베이직,흰색,2018-10-11 9:00,2018-10-11 9:00
36,70,하의,롱치마,검정,2018-10-11 9:00,2018-10-11 9:00
37,71,원피스,롱,빨강,2018-10-11 9:00,2018-10-11 9:00
38,72,상의,반팔,흰색,2018-10-11 9:00,2018-10-11 9:00
38,73,원피스,뷔스티에,군청,2018-10-11 9:00,2018-10-11 9:00
39,74,상의,반팔,흰색,2018-10-11 9:00,2018-10-11 9:00
39,75,점프수트,점프수트,군청,2018-10-11 9:00,2018-10-11 9:00
40,76,셔츠/블라우스,체크/패텅,파랑,2018-10-11 9:00,2018-10-11 9:00
40,77,하의,나팔,흰색,2018-10-11 9:00,2018-10-11 9:00
41,78,셔츠/블라우스,베이직,흰색,2018-10-11 9:00,2018-10-11 9:00
41,79,원피스,뷔스티에,분홍,2018-10-11 9:00,2018-10-11 9:00
42,80,아우터,후드집업,회색,2018-10-11 9:00,2018-10-11 9:00
43,81,셔츠/블라우스,베이직,흰색,2018-10-11 9:00,2018-10-11 9:00
43,82,하의,슬랙스,검정,2018-10-11 9:00,2018-10-11 9:00
44,83,원피스,롱,검정,2018-10-11 9:00,2018-10-11 9:00
45,84,원피스,롱,보라,2018-10-11 9:00,2018-10-11 9:00
46,85,셔츠/블라우스,뷔스티에,흰색,2018-10-11 9:00,2018-10-11 9:00
46,86,하의,스키니진,검정,2018-10-11 9:00,2018-10-11 9:00
47,87,원피스,롱,노랑,2018-10-11 9:00,2018-10-11 9:00
48,88,원피스,미니,빨강,2018-10-11 9:00,2018-10-11 9:00
49,89,하의,레깅스,회색,2018-10-11 9:00,2018-10-11 9:00
49,90,상의,후드,흰색,2018-10-11 9:00,2018-10-11 9:00
50,91,셔츠/블라우스,베이직,흰색,2018-10-11 9:00,2018-10-11 9:00
50,92,하의,슬랙스,검정,2018-10-11 9:00,2018-10-11 9:00
51,93,셔츠/블라우스,베이직,흰색,2018-10-11 9:00,2018-10-11 9:00
51,94,하의,슬랙스,검정,2018-10-11 9:00,2018-10-11 9:00
52,95,하의,레깅스,검정,2018-10-11 9:00,2018-10-11 9:00
52,96,상의,후드,녹색,2018-10-11 9:00,2018-10-11 9:00
53,97,원피스,미니,군청,2018-10-11 9:00,2018-10-11 9:00
54,98,원피스,니트,보라,2018-10-11 9:00,2018-10-11 9:00
55,99,상의,니트,검정,2018-10-11 9:00,2018-10-11 9:00
55,100,하의,스키니진,군청,2018-10-11 9:00,2018-10-11 9:00
56,101,상의,니트,빨강,2018-10-11 9:00,2018-10-11 9:00
56,102,하의,슬랙스,회색,2018-10-11 9:00,2018-10-11 9:00
57,103,셔츠/블라우스,베이직,흰색,2018-10-11 9:00,2018-10-11 9:00
57,104,하의,슬랙스,검정,2018-10-11 9:00,2018-10-11 9:00
58,105,하의,일자,검정,2018-10-11 9:00,2018-10-11 9:00
59,106,셔츠/블라우스,베이직,흰색,2018-10-11 9:00,2018-10-11 9:00
59,107,하의,슬랙스,검정,2018-10-11 9:00,2018-10-11 9:00
60,108,셔츠/블라우스,베이직,흰색,2018-10-11 9:00,2018-10-11 9:00
60,109,하의,슬랙스,검정,2018-10-11 9:00,2018-10-11 9:00
61,110,원피스,롱,검정,2018-10-11 9:00,2018-10-11 9:00
62,111,셔츠/블라우스,베이직,분홍,2018-10-11 9:00,2018-10-11 9:00
62,112,하의,숏스커트,검정,2018-10-11 9:00,2018-10-11 9:00
63,113,상의,맨투맨,회색,2018-10-11 9:00,2018-10-11 9:00
63,114,하의,스키니진,검정,2018-10-11 9:00,2018-10-11 9:00
64,115,셔츠/블라우스,베이직,하늘,2018-10-11 9:00,2018-10-11 9:00
64,116,하의,슬랙스,검정,2018-10-11 9:00,2018-10-11 9:00
65,117,셔츠/블라우스,베이직,흰색,2018-10-11 9:00,2018-10-11 9:00
65,118,하의,슬랙스,브라운,2018-10-11 9:00,2018-10-11 9:00
66,119,셔츠/블라우스,베이직,흰색,2018-10-11 9:00,2018-10-11 9:00
66,120,하의,미디스커트,브라운,2018-10-11 9:00,2018-10-11 9:00
67,121,상의,자켓,검정,2018-10-11 9:00,2018-10-11 9:00
68,122,원피스,미니,군청,2018-10-11 9:00,2018-10-11 9:00
69,123,셔츠/블라우스,베이직,분홍,2018-10-11 9:00,2018-10-11 9:00
69,124,하의,롱치마,검정,2018-10-11 9:00,2018-10-11 9:00
70,125,원피스,미니,검정,2018-10-11 9:00,2018-10-11 9:00
71,126,원피스,미니,빨강,2018-10-11 9:00,2018-10-11 9:00
72,127,상의,반팔,흰색,2018-10-11 9:00,2018-10-11 9:00
72,128,하의,슬랙스,검정,2018-10-11 9:00,2018-10-11 9:00
73,129,아우터,자켓,검정,2018-10-11 9:00,2018-10-11 9:00
73,130,상의,베이직,흰색,2018-10-11 9:00,2018-10-11 9:00
73,131,하의,숏스커트,검정,2018-10-11 9:00,2018-10-11 9:00
74,132,상의,반팔,자주,2018-10-11 9:00,2018-10-11 9:00
74,133,하의,반바지,군청,2018-10-11 9:00,2018-10-11 9:00
75,134,셔츠/블라우스,데님,군청,2018-10-11 9:00,2018-10-11 9:00
75,135,하의,슬랙스,검정,2018-10-11 9:00,2018-10-11 9:00
76,136,상의,반팔,연두,2018-10-11 9:00,2018-10-11 9:00
76,137,하의,레깅스,회색,2018-10-11 9:00,2018-10-11 9:00
77,138,원피스,미니,흰색,2018-10-11 9:00,2018-10-11 9:00
78,139,원피스,롱,주황,2018-10-11 9:00,2018-10-11 9:00
78,140,아우터,가디건,보라,2018-10-11 9:00,2018-10-11 9:00
79,141,원피스,롱,청록,2018-10-11 9:00,2018-10-11 9:00
80,142,상의,맨투맨,연두,2018-10-11 9:00,2018-10-11 9:00
80,143,하의,청바지,파랑,2018-10-11 9:00,2018-10-11 9:00
81,144,상의,후드,노랑,2018-10-11 9:00,2018-10-11 9:00
81,145,하의,스키니진,검정,2018-10-11 9:00,2018-10-11 9:00
82,146,아우터,가디건,빨강,2018-10-11 9:00,2018-10-11 9:00
82,147,상의,베이직,흰색,2018-10-11 9:00,2018-10-11 9:00
82,148,하의,스키니진,파랑,2018-10-11 9:00,2018-10-11 9:00
83,149,아우터,자켓,검정,2018-10-11 9:00,2018-10-11 9:00
83,150,셔츠/블라우스,베이직,흰색,2018-10-11 9:00,2018-10-11 9:00
83,151,하의,롱치마,검정,2018-10-11 9:00,2018-10-11 9:00
84,152,아우터,자켓,검정,2018-10-11 9:00,2018-10-11 9:00
84,153,상의,반팔,회색,2018-10-11 9:00,2018-10-11 9:00
84,154,하의,스키니진,검정,2018-10-11 9:00,2018-10-11 9:00
85,155,아우터,자켓,검정,2018-10-11 9:00,2018-10-11 9:00
85,156,셔츠/블라우스,베이직,흰색,2018-10-11 9:00,2018-10-11 9:00
85,157,하의,롱치마,검정,2018-10-11 9:00,2018-10-11 9:00
86,158,상의,후드,흰색,2018-10-11 9:00,2018-10-11 9:00
86,159,하의,슬랙스,검정,2018-10-11 9:00,2018-10-11 9:00
87,160,셔츠/블라우스,베이직,빨강,2018-10-11 9:00,2018-10-11 9:00
87,161,하의,스키니진,파랑,2018-10-11 9:00,2018-10-11 9:00
88,162,셔츠/블라우스,베이직,녹색,2018-10-11 9:00,2018-10-11 9:00
88,163,하의,테니스치마,흰색,2018-10-11 9:00,2018-10-11 9:00
89,164,아우터,코트,군청,2018-10-11 9:00,2018-10-11 9:00
89,165,셔츠/블라우스,베이직,자주,2018-10-11 9:00,2018-10-11 9:00
89,166,하의,롱치마,검정,2018-10-11 9:00,2018-10-11 9:00
90,167,원피스,롱,연두,2018-10-11 9:00,2018-10-11 9:00
91,168,아우터,가디건,보라,2018-10-11 9:00,2018-10-11 9:00
91,169,원피스,미니,주황,2018-10-11 9:00,2018-10-11 9:00
92,170,셔츠/블라우스,베이직,흰색,2018-10-11 9:00,2018-10-11 9:00
92,171,하의,슬랙스,검정,2018-10-11 9:00,2018-10-11 9:00
93,172,셔츠/블라우스,베이직,회색,2018-10-11 9:00,2018-10-11 9:00
93,173,하의,일자,흰색,2018-10-11 9:00,2018-10-11 9:00
94,174,상의,니트,보라,2018-10-11 9:00,2018-10-11 9:00
94,175,하의,반바지,파랑,2018-10-11 9:00,2018-10-11 9:00
95,176,아우터,자켓,검정,2018-10-11 9:00,2018-10-11 9:00
95,177,셔츠/블라우스,베이직,흰색,2018-10-11 9:00,2018-10-11 9:00
95,178,하의,롱치마,검정,2018-10-11 9:00,2018-10-11 9:00
96,179,아우터,청자켓,군청,2018-10-11 9:00,2018-10-11 9:00
96,180,상의,맨투맨,흰색,2018-10-11 9:00,2018-10-11 9:00
96,181,하의,롱치마,빨강,2018-10-11 9:00,2018-10-11 9:00
97,182,점프수트,점프수트,검정,2018-10-11 9:00,2018-10-11 9:00
97,183,상의,반팔,흰색,2018-10-11 9:00,2018-10-11 9:00
98,184,상의,반팔,흰색,2018-10-11 9:00,2018-10-11 9:00
98,185,원피스,뷔스티에,군청,2018-10-11 9:00,2018-10-11 9:00
99,186,아우터,가디건,흰색,2018-10-11 9:00,2018-10-11 9:00
99,187,상의,오프숄더,군청,2018-10-11 9:00,2018-10-11 9:00
99,188,하의,테니스치마,흰색,2018-10-11 9:00,2018-10-11 9:00
100,189,셔츠/블라우스,베이직,노랑,2018-10-11 9:00,2018-10-11 9:00
100,190,하의,나팔,녹색,2018-10-11 9:00,2018-10-11 9:00
101,191,하의,면바지,검정,2018-10-11 9:00,2018-10-11 9:00
102,192,상의,반팔,검정,2018-10-11 9:00,2018-10-11 9:00
102,193,하의,롱치마,군청,2018-10-11 9:00,2018-10-11 9:00
102,194,아우터,자켓,군청,2018-10-11 9:00,2018-10-11 9:00
103,195,원피스,미니,회색,2018-10-11 9:00,2018-10-11 9:00
103,196,아우터,가디건,검정,2018-10-11 9:00,2018-10-11 9:00
104,197,셔츠/블라우스,베이직,흰색,2018-10-11 9:00,2018-10-11 9:00
104,198,하의,롱치마,검정,2018-10-11 9:00,2018-10-11 9:00
104,199,아우터,자켓,검정,2018-10-11 9:00,2018-10-11 9:00
107,200,상의,반팔,보라,2018-10-11 9:00,2018-10-11 9:00
107,201,하의,슬랙스,검정,2018-10-11 9:00,2018-10-11 9:00
108,202,셔츠/블라우스,베이직,노랑,2018-10-11 9:00,2018-10-11 9:00
108,203,하의,청바지,군청,2018-10-11 9:00,2018-10-11 9:00
108,204,아우터,자켓,흰색,2018-10-11 9:00,2018-10-11 9:00
111,205,셔츠/블라우스,베이직,흰색,2018-10-11 9:00,2018-10-11 9:00
111,206,하의,슬랙스,군청,2018-10-11 9:00,2018-10-11 9:00
112,207,상의,맨투맨,주황,2018-10-11 9:00,2018-10-11 9:00
112,208,하의,청바지,군청,2018-10-11 9:00,2018-10-11 9:00
113,209,원피스,롱,하늘,2018-10-11 9:00,2018-10-11 9:00
113,210,아우터,자켓,흰색,2018-10-11 9:00,2018-10-11 9:00
114,211,상의,후드,검정,2018-10-11 9:00,2018-10-11 9:00
114,212,하의,면바지,검정,2018-10-11 9:00,2018-10-11 9:00
115,213,상의,반팔,파랑,2018-10-11 9:00,2018-10-11 9:00
115,214,하의,반바지,흰색,2018-10-11 9:00,2018-10-11 9:00
116,215,원피스,미니,분홍,2018-10-11 9:00,2018-10-11 9:00
116,216,아우터,가디건,검정,2018-10-11 9:00,2018-10-11 9:00
117,217,셔츠/블라우스,베이직,분홍,2018-10-11 9:00,2018-10-11 9:00
116,218,상의,후드,흰색,2018-10-11 9:00,2018-10-11 9:00
116,219,하의,슬랙스,검정,2018-10-11 9:00,2018-10-11 9:00
117,220,셔츠/블라우스,베이직,빨강,2018-10-11 9:00,2018-10-11 9:00
117,221,하의,스키니진,파랑,2018-10-11 9:00,2018-10-11 9:00
120,222,셔츠/블라우스,베이직,흰색,2018-10-11 9:00,2018-10-11 9:00
120,223,하의,롱치마,회색,2018-10-11 9:00,2018-10-11 9:00
121,224,원피스,롱,회색,2018-10-11 9:00,2018-10-11 9:00
122,225,셔츠/블라우스,베이직,검정,2018-10-11 9:00,2018-10-11 9:00
124,226,아우터,후드집업,회색,2018-10-11 9:00,2018-10-11 9:00
124,227,상의,맨투맨,주황,2018-10-11 9:00,2018-10-11 9:00
125,228,상의,맨투맨,보라,2018-10-11 9:00,2018-10-11 9:00
125,229,하의,면바지,검정,2018-10-11 9:00,2018-10-11 9:00
126,230,상의,니트,검정,2018-10-11 9:00,2018-10-11 9:00
126,231,상의,뷔스티에,회색,2018-10-11 9:00,2018-10-11 9:00
126,232,하의,청바지,군청,2018-10-11 9:00,2018-10-11 9:00
129,233,아우터,자켓,회색,2018-10-11 9:00,2018-10-11 9:00
129,234,셔츠/블라우스,베이직,흰색,2018-10-11 9:00,2018-10-11 9:00
129,235,하의,롱치마,분홍,2018-10-11 9:00,2018-10-11 9:00
130,236,상의,맨투맨,흰색,2018-10-11 9:00,2018-10-11 9:00
130,237,하의,슬랙스,검정,2018-10-11 9:00,2018-10-11 9:00
131,238,아우터,자켓,빨강,2018-10-11 9:00,2018-10-11 9:00
131,239,상의,니트,검정,2018-10-11 9:00,2018-10-11 9:00
131,240,하의,롱치마,검정,2018-10-11 9:00,2018-10-11 9:00
132,241,상의,패턴티셔츠,흰색,2018-10-11 9:00,2018-10-11 9:00
132,242,하의,반바지,파랑,2018-10-11 9:00,2018-10-11 9:00
133,243,셔츠/블라우스,반팔,파랑,2018-10-11 9:00,2018-10-11 9:00
133,244,하의,슬랙스,검정,2018-10-11 9:00,2018-10-11 9:00
134,245,셔츠/블라우스,7부,회색,2018-10-11 9:00,2018-10-11 9:00
134,246,하의,슬랙스,검정,2018-10-11 9:00,2018-10-11 9:00
135,247,셔츠/블라우스,체크/패텅,검정,2018-10-11 9:00,2018-10-11 9:00
135,248,하의,반바지,흰색,2018-10-11 9:00,2018-10-11 9:00
136,249,상의,민소매,흰색,2018-10-11 9:00,2018-10-11 9:00
136,250,하의,반바지,검정,2018-10-11 9:00,2018-10-11 9:00
137,251,상의,맨투맨,검정,2018-10-11 9:00,2018-10-11 9:00
137,252,하의,슬랙스,검정,2018-10-11 9:00,2018-10-11 9:00
138,253,상의,후드,검정,2018-10-11 9:00,2018-10-11 9:00
138,254,하의,면바지,흰색,2018-10-11 9:00,2018-10-11 9:00
139,255,셔츠/블라우스,7부,파랑,2018-10-11 9:00,2018-10-11 9:00
139,256,하의,슬랙스,검정,2018-10-11 9:00,2018-10-11 9:00
140,257,상의,맨투맨,검정,2018-10-11 9:00,2018-10-11 9:00
140,258,하의,청바지,군청,2018-10-11 9:00,2018-10-11 9:00
141,259,셔츠/블라우스,베이직,흰색,2018-10-11 9:00,2018-10-11 9:00
141,260,하의,슬랙스,검정,2018-10-11 9:00,2018-10-11 9:00
142,261,상의,무지티셔츠,흰색,2018-10-11 9:00,2018-10-11 9:00
142,262,아우터,자켓,파랑,2018-10-11 9:00,2018-10-11 9:00
142,263,하의,면바지,자주,2018-10-11 9:00,2018-10-11 9:00
143,264,아우터,가디건,회색,2018-10-11 9:00,2018-10-11 9:00
143,265,상의,무지티셔츠,흰색,2018-10-11 9:00,2018-10-11 9:00
143,266,하의,청바지,군청,2018-10-11 9:00,2018-10-11 9:00
144,267,셔츠/블라우스,베이직,흰색,2018-10-11 9:00,2018-10-11 9:00
144,268,하의,슬랙스,검정,2018-10-11 9:00,2018-10-11 9:00
145,269,셔츠/블라우스,체크/패텅,군청,2018-10-11 9:00,2018-10-11 9:00
145,270,하의,면바지,연두,2018-10-11 9:00,2018-10-11 9:00
146,271,셔츠/블라우스,베이직,흰색,2018-10-11 9:00,2018-10-11 9:00
146,272,하의,슬랙스,검정,2018-10-11 9:00,2018-10-11 9:00
147,273,상의,맨투맨,검정,2018-10-11 9:00,2018-10-11 9:00
147,274,하의,청바지,군청,2018-10-11 9:00,2018-10-11 9:00
148,275,상의,후드,자주,2018-10-11 9:00,2018-10-11 9:00
148,276,하의,청바지,군청,2018-10-11 9:00,2018-10-11 9:00
149,277,셔츠/블라우스,베이직,파랑,2018-10-11 9:00,2018-10-11 9:00
149,278,하의,슬랙스,검정,2018-10-11 9:00,2018-10-11 9:00
150,279,아우터,자켓,검정,2018-10-11 9:00,2018-10-11 9:00
150,280,상의,무지티셔츠,흰색,2018-10-11 9:00,2018-10-11 9:00
150,281,하의,청바지,군청,2018-10-11 9:00,2018-10-11 9:00
151,282,셔츠/블라우스,베이직,흰색,2018-10-11 9:00,2018-10-11 9:00
151,283,하의,슬랙스,검정,2018-10-11 9:00,2018-10-11 9:00
152,284,상의,니트,흰색,2018-10-11 9:00,2018-10-11 9:00
152,285,하의,슬랙스,검정,2018-10-11 9:00,2018-10-11 9:00
153,286,셔츠/블라우스,베이직,흰색,2018-10-11 9:00,2018-10-11 9:00
153,287,하의,면바지,검정,2018-10-11 9:00,2018-10-11 9:00
154,288,셔츠/블라우스,베이직,흰색,2018-10-11 9:00,2018-10-11 9:00
154,289,하의,면바지,검정,2018-10-11 9:00,2018-10-11 9:00
155,290,셔츠/블라우스,베이직,흰색,2018-10-11 9:00,2018-10-11 9:00
155,291,하의,슬랙스,검정,2018-10-11 9:00,2018-10-11 9:00
156,292,상의,후드,파랑,2018-10-11 9:00,2018-10-11 9:00
156,293,하의,청바지,군청,2018-10-11 9:00,2018-10-11 9:00
157,294,아우터,블레이저,검정,2018-10-11 9:00,2018-10-11 9:00
157,295,상의,후드,검정,2018-10-11 9:00,2018-10-11 9:00
157,296,하의,청바지,군청,2018-10-11 9:00,2018-10-11 9:00
158,297,상의,맨투맨,회색,2018-10-11 9:00,2018-10-11 9:00
158,298,하의,청바지,군청,2018-10-11 9:00,2018-10-11 9:00
159,299,상의,니트,회색,2018-10-11 9:00,2018-10-11 9:00
159,300,하의,슬랙스,검정,2018-10-11 9:00,2018-10-11 9:00
160,301,아우터,자켓,연두,2018-10-11 9:00,2018-10-11 9:00
160,302,셔츠/블라우스,체크/패텅,파랑,2018-10-11 9:00,2018-10-11 9:00
160,303,하의,슬랙스,검정,2018-10-11 9:00,2018-10-11 9:00
161,304,상의,후드,검정,2018-10-11 9:00,2018-10-11 9:00
161,305,하의,청바지,군청,2018-10-11 9:00,2018-10-11 9:00
162,306,상의,맨투맨,빨강,2018-10-11 9:00,2018-10-11 9:00
163,307,상의,맨투맨,흰색,2018-10-11 9:00,2018-10-11 9:00
163,308,하의,슬랙스,검정,2018-10-11 9:00,2018-10-11 9:00
164,309,아우터,자켓,검정,2018-10-11 9:00,2018-10-11 9:00
164,310,상의,니트,흰색,2018-10-11 9:00,2018-10-11 9:00
164,311,하의,데님,검정,2018-10-11 9:00,2018-10-11 9:00
165,312,상의,반팔,자주,2018-10-11 9:00,2018-10-11 9:00
165,313,하의,반바지,군청,2018-10-11 9:00,2018-10-11 9:00
166,314,상의,반팔,군청,2018-10-11 9:00,2018-10-11 9:00
166,315,하의,슬랙스,검정,2018-10-11 9:00,2018-10-11 9:00
167,316,상의,반팔,연두,2018-10-11 9:00,2018-10-11 9:00
167,317,하의,슬랙스,회색,2018-10-11 9:00,2018-10-11 9:00
168,318,상의,맨투맨,흰색,2018-10-11 9:00,2018-10-11 9:00
169,319,상의,니트,주황,2018-10-11 9:00,2018-10-11 9:00
169,320,아우터,가디건,보라,2018-10-11 9:00,2018-10-11 9:00
170,321,아우터,코트,청록,2018-10-11 9:00,2018-10-11 9:00
171,322,셔츠/블라우스,베이직,연두,2018-10-11 9:00,2018-10-11 9:00
171,323,하의,청바지,파랑,2018-10-11 9:00,2018-10-11 9:00
172,324,상의,후드,노랑,2018-10-11 9:00,2018-10-11 9:00
172,325,하의,데님,검정,2018-10-11 9:00,2018-10-11 9:00
173,326,아우터,코트,빨강,2018-10-11 9:00,2018-10-11 9:00
173,327,셔츠/블라우스,베이직,흰색,2018-10-11 9:00,2018-10-11 9:00
173,328,하의,슬랙스,파랑,2018-10-11 9:00,2018-10-11 9:00
174,329,아우터,자켓,검정,2018-10-11 9:00,2018-10-11 9:00
174,330,셔츠/블라우스,베이직,흰색,2018-10-11 9:00,2018-10-11 9:00
174,331,하의,슬랙스,검정,2018-10-11 9:00,2018-10-11 9:00
175,332,아우터,패딩,검정,2018-10-11 9:00,2018-10-11 9:00
175,333,상의,맨투맨,회색,2018-10-11 9:00,2018-10-11 9:00
175,334,하의,레깅스,검정,2018-10-11 9:00,2018-10-11 9:00
176,335,아우터,코트,검정,2018-10-11 9:00,2018-10-11 9:00
176,336,상의,니트,흰색,2018-10-11 9:00,2018-10-11 9:00
176,337,하의,슬랙스,검정,2018-10-11 9:00,2018-10-11 9:00
177,338,셔츠/블라우스,베이직,흰색,2018-10-11 9:00,2018-10-11 9:00
177,339,하의,데님,검정,2018-10-11 9:00,2018-10-11 9:00
178,340,셔츠/블라우스,베이직,빨강,2018-10-11 9:00,2018-10-11 9:00
178,341,하의,데님,파랑,2018-10-11 9:00,2018-10-11 9:00
179,342,상의,반팔,녹색,2018-10-11 9:00,2018-10-11 9:00
179,343,하의,반바지,흰색,2018-10-11 9:00,2018-10-11 9:00
180,344,아우터,패딩,군청,2018-10-11 9:00,2018-10-11 9:00
180,345,상의,베이직,자주,2018-10-11 9:00,2018-10-11 9:00
180,346,하의,레깅스,검정,2018-10-11 9:00,2018-10-11 9:00
181,347,상의,맨투맨,연두,2018-10-11 9:00,2018-10-11 9:00
182,348,아우터,가디건,보라,2018-10-11 9:00,2018-10-11 9:00
182,349,셔츠/블라우스,베이직,주황,2018-10-11 9:00,2018-10-11 9:00
183,350,상의,맨투맨,흰색,2018-10-11 9:00,2018-10-11 9:00
183,351,하의,슬랙스,검정,2018-10-11 9:00,2018-10-11 9:00
184,352,셔츠/블라우스,베이직,회색,2018-10-11 9:00,2018-10-11 9:00
184,353,하의,데님,흰색,2018-10-11 9:00,2018-10-11 9:00
185,354,상의,니트,보라,2018-10-11 9:00,2018-10-11 9:00
185,355,하의,슬랙스,파랑,2018-10-11 9:00,2018-10-11 9:00
186,356,아우터,자켓,검정,2018-10-11 9:00,2018-10-11 9:00
186,357,셔츠/블라우스,베이직,흰색,2018-10-11 9:00,2018-10-11 9:00
186,358,하의,슬랙스,검정,2018-10-11 9:00,2018-10-11 9:00
187,359,아우터,청자켓,군청,2018-10-11 9:00,2018-10-11 9:00
187,360,상의,맨투맨,흰색,2018-10-11 9:00,2018-10-11 9:00
187,361,하의,슬랙스,빨강,2018-10-11 9:00,2018-10-11 9:00
188,362,상의,반팔,검정,2018-10-11 9:00,2018-10-11 9:00
188,363,하의,반바지,흰색,2018-10-11 9:00,2018-10-11 9:00
189,364,상의,반팔,흰색,2018-10-11 9:00,2018-10-11 9:00
189,365,하의,데님,군청,2018-10-11 9:00,2018-10-11 9:00
190,366,아우터,코트,흰색,2018-10-11 9:00,2018-10-11 9:00
190,367,상의,맨투맨,군청,2018-10-11 9:00,2018-10-11 9:00
190,368,하의,슬랙스,흰색,2018-10-11 9:00,2018-10-11 9:00
191,369,상의,반팔,노랑,2018-10-11 9:00,2018-10-11 9:00
191,370,하의,데님,녹색,2018-10-11 9:00,2018-10-11 9:00
