3,3,원피스 ,미니,검정,2018-09-01 12:00,2018-09-01 12:00
4,4,상의,무지티셔츠,흰색,2018-09-02 12:00,2018-09-02 12:00
4,5,하의,슬랙스,검정,2018-09-02 12:00,2018-09-02 12:00
5,6,셔츠/블라우스,베이직,흰색,2018-09-03 13:00,2018-09-03 13:00
5,7,하의,면바지,검정,2018-09-03 13:00,2018-09-03 13:00
6,8,상의,반팔,자주,2018-09-04 14:00,2018-09-04 14:00
6,9,하의,반바지,흰색,2018-09-04 14:00,2018-09-04 14:00
7,10,셔츠/블라우스,데님,파랑,2018-09-05 12:00,2018-09-05 12:00
7,11,하의,슬랙스,검정,2018-09-05 12:00,2018-09-05 12:00
8,12,상의,프린팅티셔츠,연두,2018-09-06 12:00,2018-09-06 12:00
8,13,하의,레깅스,흰색,2018-09-06 12:00,2018-09-06 12:00
9,14,원피스,미니,군청,2018-09-07 18:00,2018-09-07 18:00
10,15,원피스,롱,흰색,2018-09-08 14:00,2018-09-08 14:00
10,16,아우터,가디건,파랑,2018-09-08 14:00,2018-09-08 14:00
11,17,점프수트,점프수트,파랑,2018-09-09 11:00,2018-09-09 11:00
12,18,상의,7부,연두,2018-09-10 12:00,2018-09-10 12:00
12,19,하의,청바지,파랑,2018-09-10 12:00,2018-09-10 12:00
13,20,원피스,롱,노랑,2018-09-11 18:00,2018-09-11 18:00
14,21,아우터,가디건,빨강,2018-09-12 14:00,2018-09-12 14:00
14,22,상의,무지티셔츠,흰색,2018-09-12 14:00,2018-09-12 14:00
14,23,하의,청바지,파랑,2018-09-12 14:00,2018-09-12 14:00
15,24,셔츠/블라우스,베이직,흰색,2018-09-13 11:00,2018-09-13 11:00
15,25,하의,슬랙스,검정,2018-09-13 11:00,2018-09-13 11:00
16,26,아우터,자켓,검정,2018-09-14 12:00,2018-09-14 12:00
16,27,상의,프린팅티셔츠,회색,2018-09-14 12:00,2018-09-14 12:00
16,28,하의,스키니진,검정,2018-09-14 12:00,2018-09-14 12:00
17,29,아우터,블레이저,검정,2018-09-15 18:00,2018-09-15 18:00
17,30,상의,후드,파랑,2018-09-15 18:00,2018-09-15 18:00
17,31,하의,면바지,연두,2018-09-15 18:00,2018-09-15 18:00
18,32,상의,반팔 티,흰색,2018-09-01 18:00,2018-09-01 18:00
18,33,하의,슬랙스,검정,2018-09-01 18:00,2018-09-01 18:00
19,34,상의,후드티,빨강,2018-09-02 18:00,2018-09-02 18:00
19,35,하의,스키니진,파랑,2018-09-02 18:00,2018-09-02 18:00
20,36,상의,블라우스 ,녹색,2018-09-03 12:00,2018-09-03 12:00
20,37,하의,치마,흰색,2018-09-03 12:00,2018-09-03 12:00
21,38,아우터,자켓 ,검정 ,2018-09-04 15:00,2018-09-04 15:00
21,39,블라우스 ,베이직 ,흰색 ,2018-09-04 15:00,2018-09-04 15:00
21,40,하의,치마  ,검정 ,2018-09-04 15:00,2018-09-04 15:00
22,41,원피스,미니,연두,2018-09-05 12:00,2018-09-05 12:00
23,42,아우터 ,가디건 ,보라 ,2018-09-06 13:00,2018-09-06 13:00
23,43,원피스,미니 ,주황 ,2018-09-06 13:00,2018-09-06 13:00
24,44,블라우스 ,베이직 ,검정 ,2018-09-07 19:00,2018-09-07 19:00
24,45,하의,슬랙스,검정,2018-09-07 19:00,2018-09-07 19:00
25,46,셔츠 ,체크 ,주황 ,2018-09-08 11:30,2018-09-08 11:30
25,47,하의,일자바지,검정,2018-09-08 11:30,2018-09-08 11:30
26,48,상의 ,니트 ,보라 ,2018-09-09 18:30,2018-09-09 18:30
26,49,하의 ,레깅스,회색,2018-09-09 18:30,2018-09-09 18:30
27,50,상의,맨투맨 ,노랑,2018-09-10 18:00,2018-09-10 18:00
27,51,하의,면바지 ,녹색,2018-09-10 18:00,2018-09-10 18:00
28,52,아우터,자켓 ,검정,2018-09-11 14:00,2018-09-11 14:00
28,53,블라우스 ,베이직 ,흰색,2018-09-11 14:00,2018-09-11 14:00
28,54,하의,치마,검정,2018-09-11 14:00,2018-09-11 14:00
29,55,원피스,롱,빨강,2018-09-12 19:00,2018-09-12 19:00
30,56,상의,반팔 티,흰색,2018-09-13 15:00,2018-09-13 15:00
30,57,원피스,뷔스티에,군청,2018-09-13 15:00,2018-09-13 15:00
31,58,상의,반팔 티,흰색,2018-09-14 20:00,2018-09-14 20:00
31,59,한벌옷,멜빵치마,군청,2018-09-14 20:00,2018-09-14 20:00
32,60,셔츠,체크,파랑,2018-09-15 18:30,2018-09-15 18:30
32,61,하의,나팔바지,흰색,2018-09-15 18:30,2018-09-15 18:30
